date,lotteryType,result
2023-09-29,645,02 08 24 27 30 43
2023-09-28,655,04 23 36 45 47 50 22
2023-09-27,645,03 12 22 30 37 39
2023-09-26,655,14 20 24 27 41 44 23
2023-09-24,645,04 08 23 27 30 36
2023-09-23,655,20 27 36 43 45 47 35
2023-09-22,645,02 16 17 18 20 23
2023-09-21,655,16 26 33 34 41 43 53
2023-09-20,645,03 06 20 39 40 41
2023-09-19,655,17 29 35 40 51 52 23
2023-09-17,645,06 10 15 36 39 43
2023-09-16,655,25 27 42 51 54 55 45
2023-09-15,645,02 03 05 07 10 38
2023-09-14,655,06 10 20 22 50 52 34
2023-09-13,645,02 04 07 09 12 13
2023-09-12,655,26 31 32 39 45 55 28
2023-09-10,645,04 05 10 18 27 40
2023-09-09,655,13 20 32 37 43 49 40
2023-09-08,645,06 08 14 29 39 42
2023-09-07,655,01 04 36 42 45 54 32
2023-09-06,645,03 04 12 18 19 29
2023-09-05,655,02 06 19 29 34 48 39
2023-09-03,645,01 33 38 39 44 45
2023-09-02,655,12 15 32 44 46 51 48
2023-09-01,645,09 14 16 19 28 41
2023-08-31,655,23 33 37 43 45 46 29
2023-08-30,645,13 17 20 28 30 33
2023-08-29,655,01 08 20 25 35 53 54
2023-08-27,645,24 27 30 37 44 45
2023-08-26,655,05 08 24 38 50 51 47
2023-08-25,645,08 18 30 32 38 45
2023-08-24,655,01 10 20 41 42 50 39
2023-08-23,645,05 14 18 19 29 31
2023-08-22,655,02 03 06 34 35 36 31
2023-08-20,645,07 08 22 23 30 42
2023-08-19,655,07 09 13 22 27 42 23
2023-08-18,645,12 19 21 22 34 38
2023-08-17,655,01 05 25 32 51 52 54
2023-08-16,645,05 07 25 31 39 41
2023-08-15,655,05 12 25 39 40 53 52
2023-08-13,645,09 15 23 33 35 40
2023-08-12,655,13 24 39 43 45 52 08
2023-08-11,645,16 21 26 29 30 45
2023-08-10,655,04 14 31 42 47 49 43
2023-08-09,645,18 22 30 31 39 41
2023-08-08,655,05 06 19 20 40 45 47
2023-08-06,645,04 15 19 25 30 38
2023-08-05,655,22 34 40 47 49 51 44
2023-08-04,645,02 12 22 38 41 44
2023-08-03,655,03 12 22 25 37 39 07
2023-08-02,645,04 21 27 38 39 44
2023-08-01,655,04 18 22 25 33 48 02
2023-07-30,645,03 17 23 33 42 45
2023-07-29,655,16 23 25 26 29 40 32
2023-07-28,645,07 27 28 30 31 35
2023-07-27,655,03 11 13 31 33 45 27
2023-07-26,645,04 13 18 21 29 37
2023-07-25,655,12 23 42 44 51 52 03
2023-07-23,645,14 17 23 32 33 43
2023-07-22,655,09 15 23 25 27 34 41
2023-07-21,645,09 20 31 33 36 45
2023-07-20,655,05 34 36 38 47 50 26
2023-07-19,645,06 10 19 37 43 45
2023-07-18,655,10 11 19 28 42 47 16
2023-07-16,645,01 07 16 18 21 29
2023-07-15,655,02 16 31 37 38 48 36
2023-07-14,645,04 05 13 19 27 37
2023-07-13,655,03 04 30 34 36 49 08
2023-07-12,645,19 24 27 31 33 43
2023-07-11,655,24 40 44 46 47 49 05
2023-07-09,645,14 16 27 28 33 41
2023-07-08,655,08 11 23 43 44 48 41
2023-07-05,645,01 12 24 27 36 44
2023-07-04,655,04 13 14 23 33 50 41
2023-07-02,645,03 05 08 17 37 41
2023-07-01,655,13 33 36 38 45 50 25
2023-06-30,645,02 05 20 23 31 38
2023-06-29,655,01 11 12 28 46 54 40
2023-06-28,645,04 08 24 31 42 45
2023-06-27,655,02 12 15 16 27 28 47
2023-06-25,645,04 06 07 25 26 30
2023-06-24,655,08 09 16 20 50 53 03
2023-06-23,645,10 14 15 20 24 45
2023-06-22,655,02 11 14 35 43 51 55
2023-06-21,645,07 13 19 35 37 38
2023-06-20,655,07 23 26 31 35 53 32
2023-06-18,645,03 04 08 18 21 33
2023-06-17,655,07 13 23 34 38 40 55
2023-06-16,645,24 26 32 37 38 41
2023-06-15,655,10 11 25 39 46 55 40
2023-06-14,645,02 28 31 37 41 44
2023-06-13,655,04 14 18 27 47 50 33
2023-06-11,645,05 18 22 40 41 44
2023-06-10,655,10 17 27 32 35 41 54
2023-06-08,655,03 36 38 43 51 53 02
2023-06-07,645,01 07 14 16 34 44
2023-06-06,655,01 14 23 27 44 50 43
2023-06-04,645,03 15 19 35 36 43
2023-06-03,655,23 28 29 36 38 41 07
2023-06-02,645,03 11 14 19 21 43
2023-06-01,655,03 18 40 41 46 47 36
2023-05-31,645,04 09 10 22 41 44
2023-05-30,655,01 14 24 28 40 46 34
2023-05-28,645,06 13 19 20 37 44
2023-05-27,655,04 06 08 18 39 43 28
2023-05-26,645,08 10 19 25 35 44
2023-05-25,655,15 16 19 31 33 46 07
2023-05-24,645,09 11 15 28 33 44
2023-05-23,655,26 27 35 36 47 54 40
2023-05-21,645,08 10 17 19 24 41
2023-05-20,655,01 14 21 36 48 53 44
2023-05-19,645,03 09 10 27 35 38
2023-05-18,655,13 14 21 23 30 41 49
2023-05-17,645,02 06 13 20 28 44
2023-05-16,655,19 24 30 34 40 44 51
2023-05-14,645,07 08 13 37 42 44
2023-05-13,655,22 24 35 43 45 54 50
2023-05-12,645,02 06 08 09 15 27
2023-05-11,655,01 03 19 33 34 51 17
2023-05-10,645,07 08 09 13 15 27
2023-05-09,655,07 09 13 22 44 47 39
2023-05-07,645,04 30 31 33 35 45
2023-05-06,655,01 11 22 28 34 42 10
2023-05-05,645,22 28 31 35 36 38
2023-05-04,655,13 30 32 35 45 52 29
2023-05-03,645,18 23 28 29 39 44
2023-05-02,655,04 11 18 25 33 45 21
2023-04-30,645,07 09 23 24 33 36
2023-04-29,655,09 02 12 41 24 53 35
2023-04-28,645,05 11 25 33 42 44
2023-04-27,655,08 28 38 39 41 45 54
2023-04-26,645,01 04 07 09 34 37
2023-04-25,655,06 10 19 23 25 28 45
2023-04-23,645,01 02 22 30 37 42
2023-04-22,655,09 18 23 24 48 52 10
2023-04-21,645,02 04 07 10 20 44
2023-04-20,655,07 11 32 35 42 51 46
2023-04-19,645,10 27 37 40 42 43
2023-04-18,655,17 18 30 40 51 55 50
2023-04-16,645,08 17 20 25 33 36
2023-04-15,655,01 34 35 36 42 43 05
2023-04-14,645,08 16 23 27 32 41
2023-04-13,655,22 26 28 37 39 48 15
2023-04-12,645,04 07 27 28 32 43
2023-04-11,655,10 14 16 18 37 49 54
2023-04-09,645,12 15 25 30 34 39
2023-04-08,655,17 33 36 46 50 52 40
2023-04-07,645,09 14 22 29 39 41
2023-04-06,655,07 10 12 33 52 54 16
2023-04-05,645,04 08 12 15 19 43
2023-04-04,655,13 28 41 42 47 51 09
2023-04-02,645,02 24 36 38 42 43
2023-04-01,655,12 34 39 44 49 55 14
2023-03-31,645,01 09 10 15 30 42
2023-03-30,655,06 11 14 21 30 32 22
2023-03-29,645,03 06 12 28 29 43
2023-03-28,655,06 21 24 41 50 53 13
2023-03-26,645,06 16 18 25 34 45
2023-03-25,655,17 18 28 40 49 54 16
2023-03-24,645,06 14 15 18 24 41
2023-03-23,655,04 07 22 33 40 49 39
2023-03-22,645,05 08 10 15 17 41
2023-03-21,655,07 17 31 43 45 49 52
2023-03-19,645,02 07 10 21 28 35
2023-03-18,655,18 24 32 33 51 53 36
2023-03-17,645,05 07 12 22 26 33
2023-03-16,655,06 23 34 48 50 55 02
2023-03-15,645,11 19 23 28 34 35
2023-03-14,655,14 15 18 20 27 35 31
2023-03-12,645,10 28 29 31 33 37
2023-03-11,655,13 23 25 30 35 44 08
2023-03-10,645,03 05 13 22 36 44
2023-03-09,655,12 22 28 34 53 54 40
2023-03-08,645,10 13 22 25 28 36
2023-03-07,655,08 22 25 27 39 50 28
2023-03-05,645,09 11 24 31 36 44
2023-03-04,655,09 13 23 36 38 54 21
2023-03-03,645,10 22 26 27 33 43
2023-03-02,655,01 03 23 24 43 48 31
2023-03-01,645,13 14 29 33 38 43
2023-02-28,655,02 13 14 30 43 55 22
2023-02-26,645,04 09 16 26 28 42
2023-02-25,655,01 02 14 21 38 51 50
2023-02-24,645,01 10 16 22 35 44
2023-02-23,655,12 16 29 31 39 48 40
2023-02-22,645,08 16 22 23 28 38
2023-02-21,655,04 12 15 21 30 44 05
2023-02-19,645,02 20 22 28 29 38
2023-02-18,655,11 23 26 29 43 50 05
2023-02-17,645,01 05 10 13 23 25
2023-02-16,655,01 05 07 08 20 22 33
2023-02-15,645,01 02 08 20 24 31
2023-02-14,655,01 09 33 37 43 45 23
2023-02-12,645,03 05 11 23 24 42
2023-02-11,655,04 13 45 48 52 54 05
2023-02-10,645,01 11 23 27 33 39
2023-02-09,655,01 10 29 30 49 50 09
2023-02-08,645,06 18 20 22 26 34
2023-02-07,655,06 27 29 32 39 52 09
2023-02-05,645,13 15 23 29 31 34
2023-02-04,655,02 06 08 27 41 46 20
2023-02-03,645,04 11 16 30 33 43
2023-02-02,655,03 10 23 29 34 53 11
2023-02-01,645,16 21 27 29 34 44
2023-01-31,655,10 11 31 32 38 52 05
2023-01-29,645,05 21 26 27 32 33
2023-01-28,655,09 22 23 29 38 47 33
2023-01-27,645,10 13 21 29 41 43
2023-01-26,655,08 15 18 20 33 41 14
2023-01-25,645,12 14 18 22 28 31
2023-01-24,655,03 05 10 12 29 30 09
2023-01-20,645,03 07 13 29 32 44
2023-01-19,655,03 21 32 33 38 52 30
2023-01-17,655,01 09 20 36 44 50 40
2023-01-15,645,08 09 15 21 26 45
2023-01-14,655,05 17 24 30 43 53 26
2023-01-13,645,03 11 14 20 26 42
2023-01-12,655,05 14 37 45 47 55 25
2023-01-11,645,01 18 22 33 34 43
2023-01-10,655,05 12 14 19 46 51 36
2023-01-08,645,11 29 32 39 40 43
2023-01-07,655,03 04 09 15 33 54 16
2023-01-06,645,02 07 16 25 35 38
2023-01-05,655,05 12 34 37 47 49 28
2023-01-04,645,03 05 07 37 39 42
2023-01-03,655,09 13 24 43 47 48 18
2023-01-01,645,16 20 26 30 32 40
2022-12-31,655,10 15 36 42 45 52 20
2022-12-30,645,03 24 31 35 39 42
2022-12-29,655,06 08 33 37 38 51 48
2022-12-28,645,04 05 10 21 33 37
2022-12-27,655,11 12 13 14 23 55 27
2022-12-25,645,15 17 21 28 37 43
2022-12-24,655,05 19 22 23 30 44 52
2022-12-23,645,02 14 21 22 35 43
2022-12-22,655,14 26 35 43 45 48 03
2022-12-21,645,08 12 20 26 35 37
2022-12-20,655,02 06 09 20 31 35 42
2022-12-18,645,02 12 13 33 36 42
2022-12-17,655,01 02 29 34 41 42 09
2022-12-16,645,06 19 22 26 38 39
2022-12-15,655,02 25 38 50 51 55 21
2022-12-14,645,13 29 35 37 38 41
2022-12-13,655,10 22 31 37 41 52 20
2022-12-11,645,09 11 16 17 22 33
2022-12-10,655,02 12 13 18 33 44 31
2022-12-09,645,04 23 25 30 40 41
2022-12-08,655,06 30 36 41 49 55 20
2022-12-07,645,08 11 19 24 26 42
2022-12-06,655,01 11 25 44 45 46 35
2022-12-04,645,04 05 07 09 27 39
2022-12-03,655,16 17 27 48 52 53 24
2022-12-02,645,02 18 21 24 38 44
2022-12-01,655,11 14 29 31 52 54 07
2022-11-30,645,07 15 20 25 32 37
2022-11-29,655,02 13 16 18 41 42 19
2022-11-27,645,01 26 27 35 36 43
2022-11-26,655,08 23 24 48 49 52 01
2022-11-25,645,14 20 24 30 35 41
2022-11-24,655,04 06 18 27 52 53 10
2022-11-23,645,04 13 15 20 37 38
2022-11-22,655,03 09 21 22 26 35 15
2022-11-20,645,01 04 14 22 24 40
2022-11-19,655,03 15 22 39 46 48 43
2022-11-18,645,15 16 22 25 29 33
2022-11-17,655,01 19 25 27 38 42 54
2022-11-16,645,02 03 12 32 35 44
2022-11-15,655,04 20 26 36 47 51 33
2022-11-13,645,03 04 27 32 40 43
2022-11-12,655,08 18 23 30 35 42 43
2022-11-11,645,02 03 09 15 17 43
2022-11-10,655,08 11 14 27 38 45 21
2022-11-09,645,07 09 16 20 30 32
2022-11-08,655,12 27 33 44 48 50 18
2022-11-06,645,08 10 12 14 17 31
2022-11-05,655,10 19 22 25 47 53 52
2022-11-04,645,09 13 16 24 33 45
2022-11-03,655,08 13 24 28 29 33 49
2022-11-02,645,02 17 23 27 37 42
2022-11-01,655,03 09 20 23 31 54 55
2022-10-30,645,15 27 31 36 38 41
2022-10-29,655,01 03 10 13 15 20 32
2022-10-28,645,16 21 22 33 42 45
2022-10-27,655,01 07 10 17 19 30 53
2022-10-26,645,02 03 10 15 31 36
2022-10-25,655,08 18 20 22 42 46 01
2022-10-23,645,02 11 18 33 36 45
2022-10-22,655,17 19 35 42 51 52 34
2022-10-21,645,10 16 17 18 34 42
2022-10-20,655,15 21 27 34 37 53 29
2022-10-19,645,01 03 07 10 21 29
2022-10-18,655,06 30 36 39 44 46 49
2022-10-16,645,02 05 19 26 38 40
2022-10-15,655,08 15 16 39 45 51 23
2022-10-14,645,01 06 22 25 30 34
2022-10-13,655,12 13 43 48 51 52 15
2022-10-12,645,01 07 13 16 27 35
2022-10-11,655,11 26 34 40 46 52 01
2022-10-09,645,13 15 20 25 35 43
2022-10-08,655,11 17 23 34 41 51 40
2022-10-07,645,18 20 29 34 36 38
2022-10-06,655,06 08 19 20 47 53 07
2022-10-05,645,09 18 23 24 29 34
2022-10-04,655,05 11 12 22 43 45 42
2022-10-02,645,03 17 28 30 31 32
2022-10-01,655,14 15 16 22 23 29 20
2022-09-30,645,04 11 19 20 35 41
2022-09-29,655,15 32 33 37 42 54 28
2022-09-28,645,04 05 07 24 27 30
2022-09-27,655,11 13 23 27 37 43 34
2022-09-25,645,03 05 08 31 33 34
2022-09-24,655,01 04 05 17 42 47 09
2022-09-23,645,21 01 28 12 30 44
2022-09-22,655,12 14 19 29 44 47 26
2022-09-21,645,05 10 14 25 42 45
2022-09-20,655,08 27 32 43 53 54 45
2022-09-18,645,03 05 10 17 25 29
2022-09-17,655,05 08 19 34 40 49 39
2022-09-16,645,02 26 35 41 42 43
2022-09-15,655,03 08 19 30 41 52 09
2022-09-14,645,03 12 15 20 24 45
2022-09-13,655,09 10 21 40 41 48 54
2022-09-11,645,04 15 20 31 43 44
2022-09-10,655,02 08 15 19 35 38 14
2022-09-09,645,04 06 13 14 28 39
2022-09-08,655,09 13 23 32 36 52 43
2022-09-07,645,08 09 10 20 35 38
2022-09-06,655,01 05 27 43 52 54 15
2022-09-04,645,05 17 19 27 35 39
2022-09-03,655,11 22 31 33 40 46 41
2022-09-02,645,02 03 14 21 31 33
2022-09-01,655,04 14 18 39 50 53 31
2022-08-31,645,04 10 28 29 31 34
2022-08-30,655,02 13 19 29 30 32 16
2022-08-28,645,08 16 31 37 39 41
2022-08-27,655,01 05 07 10 25 48 36
2022-08-26,645,03 30 31 32 36 45
2022-08-25,655,19 30 35 40 49 53 42
2022-08-24,645,12 20 21 23 27 34
2022-08-23,655,13 21 31 41 44 45 27
2022-08-21,645,05 19 21 23 28 36
2022-08-20,655,06 16 29 32 42 51 43
2022-08-19,645,25 26 33 39 41 43
2022-08-18,655,23 27 31 37 38 42 26
2022-08-17,645,23 29 35 37 39 45
2022-08-16,655,17 18 28 47 50 53 11
2022-08-14,645,09 13 21 24 34 35
2022-08-13,655,19 28 29 30 33 36 14
2022-08-12,645,05 07 16 20 36 41
2022-08-11,655,01 12 21 34 48 55 50
2022-08-10,645,04 08 10 15 26 31
2022-08-09,655,09 10 36 41 51 55 52
2022-08-07,645,06 09 10 13 24 27
2022-08-06,655,06 21 27 41 51 53 43
2022-08-05,645,10 13 14 32 37 42
2022-08-04,655,08 09 20 41 48 54 02
2022-08-03,645,05 14 30 36 38 42
2022-08-02,655,02 05 28 40 47 48 31
2022-07-31,645,03 08 15 16 40 42
2022-07-30,655,01 04 24 35 44 47 17
2022-07-29,645,05 07 11 20 31 37
2022-07-28,655,05 06 17 28 29 39 34
2022-07-27,645,09 15 18 22 32 41
2022-07-26,655,05 08 09 13 14 47 53
2022-07-24,645,04 11 17 29 30 44
2022-07-23,655,27 28 29 39 40 54 13
2022-07-22,645,04 10 18 22 31 37
2022-07-21,655,02 20 33 45 51 55 01
2022-07-20,645,05 06 20 22 26 39
2022-07-19,655,08 09 33 34 35 52 36
2022-07-17,645,07 13 20 23 27 29
2022-07-16,655,06 13 18 27 34 46 33
2022-07-15,645,04 30 35 39 42 43
2022-07-14,655,11 25 29 37 39 52 45
2022-07-13,645,04 09 21 28 35 37
2022-07-12,655,12 13 24 25 39 41 09
2022-07-10,645,12 23 29 36 37 41
2022-07-09,655,05 21 24 47 52 55 20
2022-07-08,645,06 07 12 18 21 43
2022-07-07,655,18 24 32 43 48 55 15
2022-07-06,645,04 12 14 15 41 42
2022-07-05,655,05 07 12 26 29 44 38
2022-07-03,645,08 14 17 20 21 40
2022-07-02,655,06 26 39 40 46 47 02
2022-07-01,645,17 26 30 31 33 39
2022-06-30,655,05 11 15 19 29 31 35
2022-06-29,645,01 19 20 27 30 32
2022-06-28,655,05 22 30 32 38 55 33
2022-06-26,645,03 07 08 18 27 36
2022-06-25,655,14 17 31 35 37 40 28
2022-06-24,645,07 16 18 32 34 44
2022-06-23,655,10 22 23 34 46 54 27
2022-06-22,645,03 20 23 30 33 35
2022-06-21,655,09 13 19 21 34 51 35
2022-06-19,645,01 24 25 31 39 40
2022-06-18,655,06 27 43 44 45 47 33
2022-06-17,645,05 08 26 29 35 44
2022-06-16,655,09 13 21 40 51 54 04
2022-06-15,645,01 06 12 20 36 39
2022-06-14,655,02 15 26 32 35 36 16
2022-06-12,645,06 14 19 22 40 42
2022-06-11,655,10 18 23 25 45 47 38
2022-06-10,645,10 23 25 26 30 41
2022-06-09,655,30 31 35 43 48 50 22
2022-06-08,645,02 10 13 15 22 36
2022-06-07,655,16 17 21 28 39 50 19
2022-06-05,645,06 08 21 28 30 35
2022-06-04,655,03 17 27 30 34 49 25
2022-06-03,645,05 08 34 38 39 41
2022-06-02,655,07 11 28 30 33 50 49
2022-06-01,645,06 10 21 23 28 39
2022-05-31,655,04 10 15 16 47 51 23
2022-05-29,645,02 06 19 24 30 42
2022-05-28,655,33 36 38 42 43 46 03
2022-05-27,645,16 21 23 27 35 41
2022-05-26,655,04 30 32 39 41 53 42
2022-05-25,645,19 26 27 39 44 45
2022-05-24,655,18 31 32 46 50 52 28
2022-05-22,645,01 07 10 24 33 40
2022-05-21,655,19 32 38 40 45 48 02
2022-05-20,645,12 17 34 39 44 45
2022-05-19,655,03 06 31 40 47 54 08
2022-05-18,645,03 17 23 37 40 42
2022-05-17,655,11 17 25 29 45 48 53
2022-05-15,645,05 20 21 31 34 37
2022-05-14,655,02 28 30 43 44 55 22
2022-05-13,645,07 08 18 29 41 44
2022-05-12,655,09 18 24 43 44 50 15
2022-05-11,645,02 06 07 18 34 41
2022-05-10,655,12 18 41 43 47 51 10
2022-05-08,645,04 12 20 25 35 37
2022-05-07,655,15 32 33 36 43 46 31
2022-05-06,645,01 03 15 16 34 43
2022-05-05,655,27 29 33 39 47 53 55
2022-05-04,645,01 04 23 28 33 38
2022-05-03,655,01 22 38 48 49 53 42
2022-05-01,645,08 21 26 35 37 42
2022-04-30,655,11 23 51 52 53 54 27
2022-04-29,645,05 12 16 25 26 32
2022-04-28,655,08 24 25 32 37 44 03
2022-04-27,645,03 09 14 17 27 32
2022-04-26,655,14 22 24 25 43 49 17
2022-04-24,645,09 12 23 30 32 40
2022-04-23,655,03 27 36 41 49 55 18
2022-04-22,645,11 13 15 18 24 36
2022-04-21,655,21 24 27 34 38 42 46
2022-04-20,645,01 08 17 21 27 37
2022-04-19,655,02 07 13 28 29 34 39
2022-04-17,645,05 13 15 28 38 40
2022-04-16,655,04 08 39 41 53 55 52
2022-04-15,645,09 18 21 25 35 44
2022-04-14,655,01 05 09 34 37 45 52
2022-04-13,645,01 07 20 25 40 41
2022-04-12,655,11 18 20 22 25 40 05
2022-04-10,645,04 17 28 30 38 42
2022-04-09,655,02 03 19 28 42 45 12
2022-04-08,645,02 13 16 19 20 36
2022-04-07,655,06 14 15 25 29 32 41
2022-04-06,645,13 17 19 25 32 45
2022-04-05,655,05 18 26 36 43 44 45
2022-04-03,645,05 11 20 26 40 43
2022-04-02,655,32 38 42 44 47 55 46
2022-04-01,645,02 19 25 32 41 44
2022-03-31,655,05 24 34 39 42 49 16
2022-03-30,645,01 12 26 28 39 45
2022-03-29,655,05 11 32 35 40 52 31
2022-03-27,645,08 17 21 39 44 45
2022-03-26,655,01 06 16 30 34 55 29
2022-03-25,645,01 12 13 27 29 35
2022-03-24,655,05 09 16 35 45 46 44
2022-03-23,645,02 09 37 38 40 43
2022-03-22,655,01 14 18 28 47 49 22
2022-03-20,645,01 09 10 12 22 44
2022-03-19,655,08 20 24 37 51 55 27
2022-03-18,645,06 10 15 29 41 42
2022-03-17,655,01 06 12 21 37 49 53
2022-03-16,645,10 11 14 24 31 45
2022-03-15,655,06 14 24 28 33 52
2022-03-13,645,01 05 19 20 23 38
2022-03-12,655,12 16 18 26 30 45 36
2022-03-11,645,06 20 23 29 34 45
2022-03-10,655,01 03 08 16 19 36 41
2022-03-09,645,03 15 35 39 40 43
2022-03-08,655,03 23 25 39 47 48 55
2022-03-06,645,11 16 21 33 34 42
2022-03-05,655,05 12 15 25 43 48 01
2022-03-04,645,03 19 21 24 27 38
2022-03-03,655,04 10 16 25 26 43 52
2022-03-02,645,07 10 13 20 21 34
2022-03-01,655,15 19 25 42 51 53 02
2022-02-27,645,10 20 25 27 38 45
2022-02-26,655,05 08 30 36 49 51 18
2022-02-25,645,10 13 30 33 39 41
2022-02-24,655,02 15 25 30 31 32 13
2022-02-23,645,02 16 18 19 24 29
2022-02-22,655,09 16 19 23 25 39 04
2022-02-20,645,04 06 16 30 43 44
2022-02-19,655,01 11 14 33 46 48 40
2022-02-18,645,03 14 20 26 28 36
2022-02-17,655,05 24 40 42 46 54 03
2022-02-16,645,02 05 08 16 22 42
2022-02-15,655,05 07 14 24 29 36 46
2022-02-13,645,14 21 22 24 28 45
2022-02-12,655,04 08 12 42 44 51 41
2022-02-11,645,10 11 19 38 41 44
2022-02-10,655,03 15 26 35 43 52 07
2022-02-09,645,03 20 27 37 44 45
2022-02-08,655,12 15 21 28 32 40 43
2022-02-06,645,05 09 21 24 34 39
2022-02-05,655,01 17 23 29 44 45 37
2022-02-04,645,11 16 18 38 40 43
2022-02-03,655,13 18 22 35 42 43 03
2022-02-02,645,05 06 14 20 31 38
2022-01-30,645,01 07 22 26 28 41
2022-01-29,655,06 10 17 23 25 38 21
2022-01-28,645,04 06 12 26 27 39
2022-01-27,655,01 26 31 36 40 46 28
2022-01-26,645,05 11 15 18 27 43
2022-01-25,655,02 16 17 20 31 51 50
2022-01-23,645,13 20 24 32 34 40
2022-01-22,655,02 06 16 29 37 42 22
2022-01-21,645,01 13 17 24 27 42
2022-01-20,655,08 21 32 34 41 46 48
2022-01-19,645,14 21 25 34 37 39
2022-01-18,655,06 15 16 33 41 43 51
2022-01-16,645,01 03 04 05 32 33
2022-01-15,655,20 26 41 46 47 48 18
2022-01-14,645,05 14 27 30 38 45
2022-01-13,655,07 12 17 26 37 46 28
2022-01-12,645,03 06 13 15 36 44
2022-01-11,655,12 25 26 28 33 46 22
2022-01-09,645,06 07 11 22 35 41
2022-01-08,655,06 17 37 41 48 50 13
2022-01-07,645,10 13 24 28 38 44
2022-01-06,655,04 08 14 21 30 49 38
2022-01-05,645,01 03 08 09 35 40
2022-01-04,655,11 17 22 28 39 49 43
2022-01-02,645,11 17 30 36 41 45
2022-01-01,655,04 25 28 32 33 55 03
2021-12-31,645,02 05 12 33 41 45
2021-12-30,655,09 25 27 32 37 46 23
2021-12-29,645,05 27 33 34 38 40
2021-12-28,655,03 08 09 40 44 48 02
2021-12-26,645,04 11 16 24 35 44
2021-12-25,655,06 08 23 25 33 35 27
2021-12-24,645,03 17 25 26 36 38
2021-12-23,655,08 22 29 43 45 54 23
2021-12-22,645,08 16 17 23 28 38
2021-12-21,655,23 25 28 49 52 54 44
2021-12-19,645,12 15 24 30 36 45
2021-12-18,655,04 06 19 26 38 41 16
2021-12-17,645,08 15 16 21 25 33
2021-12-16,655,19 24 30 41 43 49 55
2021-12-15,645,03 18 29 30 39 41
2021-12-14,655,10 16 19 24 39 50 29
2021-12-12,645,16 21 29 40 41 43
2021-12-11,655,08 13 17 22 42 51 45
2021-12-10,645,01 04 17 19 24 42
2021-12-09,655,03 14 33 40 41 50 17
2021-12-08,645,02 03 16 19 22 34
2021-12-07,655,04 06 22 32 34 53 41
2021-12-05,645,03 05 06 31 34 35
2021-12-04,655,07 09 31 32 36 49 37
2021-12-03,645,10 14 29 37 38 40
2021-12-02,655,06 23 28 31 44 48 14
2021-12-01,645,08 09 30 31 38 45
2021-11-30,655,12 21 23 28 33 46 38
2021-11-28,645,13 17 26 27 31 37
2021-11-27,655,02 05 07 21 31 37 44
2021-11-26,645,04 18 25 29 32 34
2021-11-25,655,16 18 24 29 33 41 43
2021-11-24,645,02 10 18 23 34 36
2021-11-23,655,05 07 09 28 38 55 50
2021-11-21,645,01 12 29 40 44 45
2021-11-20,655,06 10 29 30 31 51 35
2021-11-19,645,09 10 26 28 39 43
2021-11-18,655,18 30 32 37 39 40 10
2021-11-17,645,04 15 25 26 32 35
2021-11-16,655,08 19 27 34 46 51 02
2021-11-14,645,03 05 18 28 42 43
2021-11-13,655,18 22 29 33 46 48 37
2021-11-12,645,11 14 18 24 35 37
2021-11-11,655,03 35 37 41 45 49 31
2021-11-10,645,17 18 19 20 27 44
2021-11-09,655,12 25 26 47 51 53 16
2021-11-07,645,05 20 24 25 35 36
2021-11-06,655,23 31 41 48 49 51 03
2021-11-05,645,10 16 36 40 41 42
2021-11-04,655,05 10 15 31 32 50 28
2021-11-03,645,03 13 15 23 24 44
2021-11-02,655,37 38 42 46 47 55 23
2021-10-31,645,09 14 17 18 36 41
2021-10-30,655,31 36 40 44 50 53 11
2021-10-29,645,17 19 22 31 32 34
2021-10-28,655,02 04 06 13 31 35 16
2021-10-27,645,13 17 26 29 33 39
2021-10-26,655,21 24 29 34 39 53 20
2021-10-24,645,06 29 31 32 39 44
2021-10-23,655,05 11 19 26 28 33 09
2021-10-22,645,03 05 06 09 28 43
2021-10-21,655,03 19 32 36 41 51 35
2021-10-20,645,05 09 33 40 41 45
2021-10-19,655,03 09 25 29 46 50 18
2021-10-17,645,04 12 21 22 27 40
2021-10-16,655,09 17 22 28 50 55 07
2021-10-15,645,05 13 17 20 29 45
2021-10-14,655,09 21 24 30 41 44 40
2021-10-13,645,20 34 37 39 41 42
2021-10-12,655,14 17 31 33 42 50 40
2021-10-10,645,03 25 26 29 40 42
2021-10-09,655,01 22 25 38 39 54 19
2021-10-07,655,06 15 21 24 45 55
2021-10-06,645,09 11 15 20 32 36
2021-10-05,655,11 16 17 19 38 43 24
2021-10-03,645,06 12 28 30 39 42
2021-10-02,655,05 06 22 26 49 51 32
2021-10-01,645,11 15 17 27 28 45
2021-09-30,655,18 23 26 32 46 49 54
2021-09-29,645,06 15 16 27 36 42
2021-09-28,655,07 22 25 40 49 50 37
2021-09-26,645,13 27 34 35 36 41
2021-09-25,655,07 20 27 43 48 51 37
2021-09-24,645,01 04 07 14 16 41
2021-09-23,655,06 07 21 25 27 49 26
2021-09-22,645,05 10 19 22 36 45
2021-09-21,655,15 24 25 40 42 50 49
2021-09-19,645,06 24 28 31 36 43
2021-09-18,655,03 14 15 21 47 52 54
2021-09-17,645,06 10 15 37 39 44
2021-09-16,655,10 16 40 43 45 46 22
2021-09-15,645,11 14 17 24 29 35
2021-09-14,655,17 22 30 40 43 44 41
2021-09-12,645,04 08 21 29 33 45
2021-09-11,655,08 17 20 36 39 44 30
2021-09-10,645,10 16 22 36 43 44
2021-09-09,655,06 08 10 23 39 44 43
2021-09-08,645,04 18 28 32 36 40
2021-09-05,645,15 18 25 27 29 34
2021-09-04,655,11 12 32 42 43 51 31
2021-09-02,655,01 08 12 26 28 45 43
2021-09-01,645,06 13 33 34 40 45
2021-08-31,655,07 20 37 47 51 53
2021-08-29,645,01 18 21 25 27 35
2021-08-28,655,10 16 26 27 34 48 51
2021-08-26,655,11 13 20 51 53 55 04
2021-08-25,645,01 03 05 17 22 33
2021-08-24,655,02 04 07 18 30 35 20
2021-08-22,645,06 07 18 25 40 43
2021-08-21,655,22 24 27 37 38 48 14
2021-08-20,645,04 08 17 27 32 36
2021-08-19,655,05 09 12 20 43 51 13
2021-08-18,645,10 16 19 27 28 36
2021-08-17,655,05 09 12 20 43 51 13
2021-08-15,645,10 16 19 27 28 36
2021-08-14,655,05 09 12 20 43 51 13
2021-08-13,645,10 16 19 27 28 36
2021-08-12,655,05 09 12 20 43 51 13
2021-07-23,645,19 26 31 33 41 42
2021-07-22,655,02 20 24 39 46 53 55
2021-07-21,645,08 10 12 29 34 37
2021-07-20,655,02 08 11 13 17 26 53
2021-07-18,645,03 08 19 21 25 36
2021-07-17,655,02 07 11 21 31 42 45
2021-07-16,645,01 09 18 26 41 45
2021-07-15,655,03 04 12 16 30 50 20
2021-07-13,655,05 11 18 27 34 43 42
2021-07-11,645,02 08 15 17 19 30
2021-07-10,655,07 08 17 37 47 48 27
2021-07-09,645,04 09 17 18 28 32
2021-07-08,655,03 32 34 42 44 54 35
2021-07-07,645,01 06 13 30 34 43
2021-07-06,655,17 20 22 24 30 54 51
2021-07-04,645,03 14 15 21 26 37
2021-07-03,655,04 25 30 38 50 55 53
2021-07-01,655,04 15 28 30 49 52 55
2021-06-30,645,02 05 06 08 10 32
2021-06-29,655,05 14 24 36 44 55 48
2021-06-27,645,05 10 29 37 42 44
2021-06-26,655,06 16 17 20 49 52 27
2021-06-25,645,03 05 06 23 24 39
2021-06-24,655,03 16 17 24 41 44 37
2021-06-23,645,04 07 20 28 33 41
2021-06-22,655,03 09 32 33 41 43 40
2021-06-20,645,10 24 27 42 43 45
2021-06-19,655,01 03 07 13 28 45 33
2021-06-18,645,10 11 28 29 40 42
2021-06-17,655,18 23 38 41 44 55 40
2021-06-16,645,11 19 24 28 31 39
2021-06-15,655,11 18 21 22 30 55 35
2021-06-13,645,03 10 12 13 36 44
2021-06-12,655,04 16 17 20 27 44 30
2021-06-11,645,08 12 13 14 32 40
2021-06-10,655,11 22 24 27 43 54 45
2021-06-09,645,02 07 18 20 24 36
2021-06-08,655,16 28 33 41 42 54 12
2021-06-06,645,05 07 10 13 14 42
2021-06-05,655,14 22 25 39 41 52 17
2021-06-04,645,19 24 31 32 35 36
2021-06-03,655,04 08 21 24 26 47 43
2021-06-02,645,10 20 22 26 31 42
2021-06-01,655,06 12 14 27 43 45 38
2021-05-30,645,07 10 19 30 40 45
2021-05-29,655,02 11 31 37 43 55 14
2021-05-28,645,02 15 33 41 44 45
2021-05-27,655,03 07 18 22 40 46 14
2021-05-26,645,01 10 22 36 38 45
2021-05-25,655,06 10 33 35 36 43 08
2021-05-23,645,11 14 22 26 29 44
2021-05-22,655,15 27 37 45 46 52 31
2021-05-21,645,04 28 37 38 40 42
2021-05-20,655,07 10 12 19 42 54 24
2021-05-19,645,03 12 23 29 33 34
2021-05-18,655,06 07 22 32 38 47 27
2021-05-16,645,13 23 33 37 40 43
2021-05-15,655,01 05 06 13 23 27 46
2021-05-14,645,03 11 16 20 24 30
2021-05-13,655,13 24 25 35 39 41 29
2021-05-11,655,01 14 41 44 46 53 48
2021-05-09,645,01 07 16 24 27 37
2021-05-08,655,14 23 26 37 42 51 40
2021-05-07,645,10 20 21 27 33 34
2021-05-06,655,15 19 24 31 44 53 32
2021-05-05,645,03 14 20 22 37 44
2021-05-04,655,07 24 45 48 49 53 14
2021-05-02,645,07 08 30 35 40 44
2021-05-01,655,03 07 14 22 41 42 10
2021-04-30,645,03 04 20 21 36 41
2021-04-29,655,03 09 23 33 42 44 50
2021-04-27,655,03 09 22 26 32 37 41
2021-04-24,655,01 04 05 21 25 44 45
2021-04-23,645,13 16 18 22 34 39
2021-04-21,645,03 12 19 27 32 35
2021-04-20,655,18 25 38 43 47 51 11
2021-04-18,645,07 09 15 23 26 27
2021-04-17,655,04 15 16 29 42 46 36
2021-04-16,645,08 09 11 28 30 39
2021-04-15,655,05 08 27 42 47 51 36
2021-04-14,645,11 12 16 18 33 35
2021-04-13,655,25 33 39 45 49 55 36
2021-04-11,645,03 23 27 32 34 39
2021-04-10,655,12 13 16 17 27 47 49
2021-04-09,645,03 04 08 17 19 37
2021-04-08,655,08 11 16 22 28 30 45
2021-04-07,645,13 15 19 25 33 34
2021-04-06,655,27 33 34 38 46 48 05
2021-03-25,655,19 20 24 29 36 39 22
2021-03-24,645,07 14 23 26 37 39
2021-03-23,655,09 13 17 33 34 53 31
2021-03-21,645,08 09 11 31 36 39
2021-03-20,655,16 18 20 25 35 36 17
2021-03-19,645,05 06 24 34 36 37
2021-03-18,655,17 24 38 41 46 54 51
2021-03-17,645,06 11 26 28 36 41
2021-03-12,645,05 11 17 34 38 42
2021-03-11,655,04 05 12 25 43 44 27
2021-03-10,645,05 14 15 19 25 33
2021-03-09,655,15 18 29 35 47 54 20
2021-03-07,645,04 12 25 28 33 45
2021-03-06,655,18 24 34 39 46 55 04
2021-03-05,645,09 11 13 21 27 41
2021-03-03,645,01 20 28 37 40 44
2021-03-02,655,23 29 45 46 49 51 01
2021-02-17,645,03 18 21 22 36 44
2021-02-10,645,08 13 18 19 21 24
2021-02-09,655,15 20 21 29 31 41 34
2021-02-07,645,01 04 07 15 41 42
2021-02-06,655,06 22 32 33 35 53 12
2021-02-05,645,02 08 31 32 42 44
2021-02-04,655,28 43 44 50 51 53 13
2021-02-03,645,07 09 14 23 35 41
2021-02-02,655,04 13 31 36 40 54 30
2021-01-31,645,04 06 07 11 34 41
2021-01-30,655,02 07 17 18 21 29 19
2021-01-29,645,06 07 08 29 35 39
2021-01-28,655,03 04 16 34 40 55 02
2021-01-27,645,01 07 11 28 41 44
2021-01-26,655,07 16 32 42 44 47 35
2021-01-24,645,08 09 23 25 31 32
2021-01-23,655,12 31 39 41 45 55 34
2021-01-22,645,01 06 07 20 28 43
2021-01-21,655,09 20 22 31 47 52 18
2021-01-20,645,07 20 29 30 40 45
2021-01-19,655,05 22 25 43 48 53 18
2021-01-17,645,04 05 32 39 40 42
2021-01-16,655,13 15 28 29 32 44 49
2021-01-15,645,04 06 10 13 26 43
2021-01-14,655,01 04 42 44 46 50 09
2021-01-13,645,19 20 21 28 33 41
2021-01-12,655,19 23 29 34 44 53 35
2021-01-10,645,10 11 22 32 38 43
2021-01-09,655,10 19 24 29 46 48 05
2021-01-08,645,08 19 22 25 32 35
2021-01-07,655,07 11 22 38 48 51 53
2021-01-06,645,22 27 30 35 40 45
2021-01-05,655,05 07 09 22 42 54 47
2021-01-03,645,04 31 34 36 40 43
2021-01-02,655,07 19 23 26 35 45 11
2021-01-01,645,10 16 24 26 30 32
2020-12-31,655,02 15 25 27 37 51 53
2020-12-30,645,01 13 20 26 35 37
2020-12-29,655,04 08 11 15 17 41 23
2020-12-27,645,03 11 17 19 34 39
2020-12-26,655,01 24 33 41 43 51 48
2020-12-25,645,06 12 15 22 33 39
2020-12-24,655,11 19 34 41 44 48 43
2020-12-23,645,07 11 17 31 35 40
2020-12-22,655,10 11 16 29 35 38 03
2020-12-20,645,15 18 28 30 34 44
2020-12-19,655,14 20 32 34 37 49 31
2020-12-17,655,15 25 27 35 40 48 45
2020-12-16,645,10 11 22 27 36 41
2020-12-15,655,10 11 13 35 38 49 14
2020-12-13,645,10 12 20 36 41 44
2020-12-12,655,03 14 32 36 41 46 54
2020-12-11,645,23 24 25 35 37 39
2020-12-10,655,03 31 34 36 44 54 45
2020-12-09,645,16 24 27 31 36 43
2020-12-08,655,02 17 32 33 38 45 37
2020-12-06,645,11 21 24 27 29 37
2020-12-05,655,10 28 29 30 37 38 36
2020-12-04,645,03 05 33 37 41 43
2020-12-03,655,05 19 32 41 42 45 17
2020-12-02,645,04 05 07 10 25 39
2020-12-01,655,06 10 12 24 34 43 15
2020-11-29,645,06 07 14 18 37 43
2020-11-28,655,01 20 36 44 45 49 52
2020-11-27,645,01 09 12 13 37 43
2020-11-26,655,18 19 29 31 36 52 50
2020-11-25,645,01 05 07 08 25 40
2020-11-24,655,04 07 19 20 22 53 23
2020-11-22,645,09 16 17 24 32 40
2020-11-21,655,08 14 19 20 49 51 28
2020-11-20,645,02 17 24 29 31 37
2020-11-19,655,12 15 23 28 45 48 43
2020-11-18,645,18 19 21 31 39 44
2020-11-17,655,06 17 27 34 36 51 48
2020-11-15,645,14 16 21 29 40 41
2020-11-14,655,05 11 15 34 44 48 35
2020-11-13,645,08 22 23 33 34 36
2020-11-12,655,04 20 22 25 43 47 12
2020-11-11,645,04 10 12 17 20 35
2020-11-10,655,02 05 19 39 48 53 06
2020-11-08,645,03 12 14 16 23 33
2020-11-07,655,12 28 30 33 45 52 15
2020-11-06,645,19 24 30 32 36 37
2020-11-05,655,01 02 06 18 34 51 52
2020-11-04,645,03 08 11 13 26 38
2020-11-03,655,02 22 27 46 48 52 23
2020-11-01,645,06 21 27 30 32 44
2020-10-31,655,08 18 19 20 43 54 50
2020-10-30,645,04 05 14 18 23 43
2020-10-29,655,09 11 14 16 21 23 54
2020-10-28,645,01 04 07 15 35 45
2020-10-27,655,03 31 33 36 38 39 08
2020-10-25,645,11 19 30 38 41 45
2020-10-24,655,12 21 22 27 41 50 34
2020-10-23,645,05 10 16 23 34 45
2020-10-22,655,02 03 12 21 24 38 14
2020-10-21,645,04 11 26 36 38 41
2020-10-20,655,08 33 38 47 49 54 31
2020-10-18,645,01 14 25 26 30 40
2020-10-17,655,03 14 25 37 49 54 53
2020-10-15,655,08 38 41 47 50 52 45
2020-10-14,645,04 07 23 32 43 44
2020-10-13,655,12 19 28 29 52 53 20
2020-10-11,645,12 18 28 31 40 45
2020-10-10,655,05 10 47 50 53 54 22
2020-10-09,645,15 19 23 30 33 39
2020-10-08,655,10 18 20 21 26 51 52
2020-10-07,645,13 15 25 26 28 34
2020-10-06,655,11 14 29 32 33 40 35
2020-10-04,645,09 16 19 25 26 39
2020-10-03,655,12 14 22 23 39 44 28
2020-10-02,645,09 11 21 31 32 37
2020-10-01,655,03 06 07 19 38 54 50
2020-09-30,645,02 05 31 32 42 44
2020-09-29,655,01 06 07 13 30 55 34
2020-09-27,645,01 12 26 31 37 38
2020-09-26,655,07 10 13 15 40 48 01
2020-09-25,645,14 20 22 35 44 45
2020-09-24,655,12 28 41 42 52 53 50
2020-09-23,645,02 08 17 23 30 41
2020-09-22,655,05 08 15 18 36 45 06
2020-09-20,645,05 07 09 13 15 16
2020-09-19,655,04 07 08 29 31 41 38
2020-09-18,645,10 19 21 23 27 33
2020-09-17,655,01 05 28 43 44 53 49
2020-09-16,645,05 20 29 30 38 40
2020-09-15,655,13 14 15 17 26 53 21
2020-09-13,645,20 23 28 37 40 44
2020-09-12,655,20 21 24 30 31 44 40
2020-09-11,645,04 11 13 16 17 33
2020-09-10,655,18 25 27 37 45 50 52
2020-09-09,645,19 21 34 35 36 39
2020-09-08,655,22 47 48 52 53 55 14
2020-09-06,645,01 06 19 29 31 44
2020-09-05,655,09 12 19 22 31 46 20
2020-09-04,645,07 16 20 30 40 41
2020-09-03,655,07 09 18 22 35 54 50
2020-09-02,645,08 10 14 16 18 24
2020-09-01,655,11 22 24 47 49 53 03
2020-08-30,645,06 08 18 19 29 33
2020-08-29,655,01 04 14 28 35 53 02
2020-08-28,645,10 11 14 23 27 37
2020-08-26,645,02 18 24 28 35 42
2020-08-25,655,21 35 36 38 44 47 14
2020-08-23,645,10 14 19 25 36 39
2020-08-22,655,01 20 24 26 35 51 12
2020-08-21,645,07 08 26 30 37 43
2020-08-20,655,14 18 28 32 33 36 41
2020-08-19,645,07 20 36 37 43 45
2020-08-18,655,22 41 44 46 51 52 02
2020-08-15,655,01 11 29 30 41 51 04
2020-08-14,645,09 18 21 24 34 41
2020-08-13,655,03 25 28 44 49 54 19
2020-08-12,645,07 21 34 38 43 44
2020-08-11,655,02 12 33 39 52 53 44
2020-08-09,645,11 13 14 43 44 45
2020-08-08,655,03 12 24 26 36 43 08
2020-08-07,645,17 26 35 40 43 44
2020-08-06,655,02 05 21 24 26 27 11
2020-08-05,645,14 18 19 32 33 38
2020-08-04,655,10 15 20 21 32 51 08
2020-08-02,645,06 09 12 17 41 42
2020-08-01,655,13 18 29 30 40 47 04
2020-07-31,645,04 09 19 29 36 41
2020-07-30,655,06 07 16 26 29 54 04
2020-07-29,645,06 14 26 41 42 43
2020-07-28,655,03 11 20 34 44 54 16
2020-07-26,645,05 15 21 39 43 45
2020-07-25,655,02 19 21 34 54 55 24
2020-07-24,645,04 25 31 35 39 41
2020-07-23,655,04 12 31 47 49 52 02
2020-07-22,645,09 13 18 24 26 42
2020-07-21,655,06 14 31 37 38 44 04
2020-07-19,645,01 13 14 19 42 45
2020-07-18,655,03 13 22 28 30 53 16
2020-07-17,645,04 10 18 20 32 45
2020-07-16,655,02 05 11 20 24 32 06
2020-07-15,645,10 11 18 19 20 45
2020-07-14,655,05 22 32 34 43 51 12
2020-07-12,645,02 15 21 27 31 35
2020-07-11,655,03 04 06 14 20 38 35
2020-07-10,645,18 20 22 33 35 39
2020-07-09,655,03 10 11 17 26 54 21
2020-07-08,645,14 15 17 21 31 38
2020-07-07,655,07 24 32 35 48 50 01
2020-07-05,645,05 08 10 17 22 31
2020-07-04,655,03 09 10 18 29 45 36
2020-07-03,645,04 05 17 18 22 36
2020-07-02,655,04 10 20 38 48 53 05
2020-07-01,645,10 13 14 26 32 33
2020-06-30,655,05 11 18 19 20 21 52
2020-06-28,645,04 15 24 36 37 41
2020-06-27,655,02 06 38 47 50 53 14
2020-06-26,645,09 23 27 30 38 41
2020-06-25,655,09 10 12 19 27 40 55
2020-06-24,645,07 17 18 32 39 40
2020-06-23,655,02 18 28 46 52 54 19
2020-06-21,645,07 09 13 33 40 44
2020-06-20,655,05 09 33 43 44 50 46
2020-06-19,645,04 12 17 19 32 45
2020-06-18,655,05 18 27 45 50 54 09
2020-06-16,655,02 15 16 23 33 54 45
2020-06-14,645,19 22 24 41 44 45
2020-06-13,655,07 09 11 30 43 53 10
2020-06-12,645,05 16 22 27 30 31
2020-06-11,655,03 21 25 32 35 52 34
2020-06-10,645,02 11 23 25 26 35
2020-06-09,655,01 03 08 22 42 48 44
2020-06-07,645,06 07 11 16 23 44
2020-06-06,655,08 12 24 32 35 51 21
2020-06-05,645,10 13 22 28 38 43
2020-06-04,655,06 12 16 34 39 54 19
2020-06-03,645,01 15 17 19 40 43
2020-06-02,655,04 19 31 42 48 55 22
2020-05-31,645,01 06 13 27 35 40
2020-05-30,655,12 13 41 42 48 53 20
2020-05-29,645,04 10 23 26 35 37
2020-05-28,655,01 04 08 21 44 49 52
2020-05-27,645,06 15 29 30 37 42
2020-05-26,655,11 12 23 24 34 47 43
2020-05-24,645,01 29 30 32 34 35
2020-05-23,655,04 13 27 47 50 55 31
2020-05-22,645,03 08 19 28 35 41
2020-05-21,655,02 15 22 25 30 46 10
2020-05-20,645,01 08 15 23 25 39
2020-05-19,655,05 15 16 19 49 55 03
2020-05-17,645,02 04 21 30 33 37
2020-05-16,655,19 35 38 49 52 55 01
2020-05-15,645,03 12 13 28 33 36
2020-05-14,655,07 23 29 47 51 55 12
2020-05-13,645,06 20 21 35 40 45
2020-05-12,655,01 08 25 34 38 44 28
2020-05-10,645,07 09 23 32 33 37
2020-05-09,655,18 19 30 39 45 46 11
2020-05-08,645,01 03 07 12 22 25
2020-05-07,655,09 19 28 30 32 54 22
2020-05-06,645,03 18 25 29 30 44
2020-05-05,655,01 04 13 15 18 20 22
2020-05-03,645,05 18 29 32 38 44
2020-05-02,655,02 06 09 16 43 53 19
2020-05-01,645,06 07 16 37 40 44
2020-04-30,655,12 31 32 33 39 41 14
2020-04-29,645,01 08 11 13 15 32
2020-04-28,655,04 06 10 16 30 46 34
2020-04-25,655,04 18 24 30 53 55 13
2020-04-24,645,10 31 37 39 40 43
2020-03-31,655,12 19 40 41 43 53 23
2020-03-29,645,07 10 23 36 39 44
2020-03-28,655,01 10 11 13 27 55 19
2020-03-27,645,01 06 10 35 36 45
2020-03-26,655,07 08 11 31 35 36 45
2020-03-25,645,26 31 33 37 38 45
2020-03-24,655,03 09 20 21 33 52 50
2020-03-22,645,02 10 19 22 24 29
2020-03-21,655,10 12 14 17 29 53 25
2020-03-20,645,08 23 29 37 39 44
2020-03-19,655,03 35 41 42 43 49 31
2020-03-18,645,06 21 30 37 38 45
2020-03-17,655,01 14 18 43 49 50 08
2020-03-15,645,04 07 11 17 19 31
2020-03-14,655,12 20 25 38 39 40 37
2020-03-13,645,08 13 20 28 35 45
2020-03-12,655,02 14 19 24 27 34 48
2020-03-11,645,12 16 29 35 37 44
2020-03-10,655,23 25 30 36 45 52 53
2020-03-08,645,03 13 17 19 21 43
2020-03-07,655,05 11 21 30 40 48 20
2020-03-06,645,06 09 10 16 26 42
2020-03-05,655,08 09 34 40 41 54 13
2020-03-04,645,01 07 17 24 35 41
2020-03-03,655,14 15 31 40 43 49 12
2020-03-01,645,01 06 07 13 26 39
2020-02-29,655,09 17 23 26 51 54 32
2020-02-28,645,02 19 23 27 29 38
2020-02-27,655,03 11 21 29 47 55 50
2020-02-26,645,02 10 12 20 24 39
2020-02-25,655,05 13 21 36 39 48 06
2020-02-23,645,01 06 16 23 34 42
2020-02-22,655,07 24 32 49 51 54 44
2020-02-21,645,13 15 22 28 29 41
2020-02-20,655,01 03 20 33 36 51 49
2020-02-19,645,01 16 23 25 30 38
2020-02-18,655,27 32 36 37 47 48 50
2020-02-16,645,01 04 14 36 37 41
2020-02-15,655,26 36 37 38 42 49 46
2020-02-14,645,04 14 24 32 36 43
2020-02-13,655,25 28 32 34 35 39 07
2020-02-11,655,04 14 18 21 32 53 02
2020-02-09,645,01 04 18 22 26 35
2020-02-08,655,09 12 19 25 41 54 38
2020-02-07,645,06 11 15 33 40 44
2020-02-06,655,13 18 34 36 45 49 37
2020-02-05,645,09 19 24 37 38 45
2020-02-04,655,06 10 20 47 52 55 46
2020-02-02,645,01 04 16 32 35 38
2020-02-01,655,02 03 11 23 35 54 06
2020-01-31,645,08 09 20 25 30 40
2020-01-30,655,12 18 28 30 47 50 41
2020-01-29,645,03 10 16 24 39 44
2020-01-28,655,01 20 24 33 40 55 46
2020-01-26,645,04 05 09 25 33 37
2020-01-23,655,09 15 18 25 31 49 46
2020-01-22,645,01 15 16 34 36 42
2020-01-21,655,14 31 45 47 52 54 13
2020-01-19,645,01 04 19 25 35 39
2020-01-18,655,13 18 19 23 32 43 11
2020-01-17,645,08 26 28 37 40 42
2020-01-16,655,10 11 26 33 44 46 55
2020-01-15,645,02 08 19 31 38 44
2020-01-14,655,03 04 17 39 50 51 53
2020-01-12,645,07 12 17 21 35 45
2020-01-11,655,08 11 17 19 25 47 53
2020-01-10,645,10 18 24 35 41 43
2020-01-09,655,17 20 21 29 52 54 51
2020-01-08,645,02 04 10 21 25 43
2020-01-07,655,08 11 16 22 42 54 13
2020-01-05,645,05 11 12 26 44 45
2020-01-04,655,04 14 26 42 44 55 48
2020-01-03,645,01 15 17 26 32 44
2020-01-02,655,12 14 26 29 33 40 50
2020-01-01,645,08 10 23 26 37 38
2019-12-31,655,02 22 26 28 44 55 27
2019-12-29,645,07 12 21 24 35 43
2019-12-28,655,10 17 26 28 29 32 21
2019-12-26,655,05 06 12 18 23 54 26
2019-12-25,645,10 18 25 26 36 43
2019-12-24,655,03 16 30 34 50 55 48
2019-12-22,645,09 10 11 18 22 36
2019-12-21,655,05 08 20 34 37 42 51
2019-12-20,645,01 09 16 27 38 45
2019-12-19,655,18 22 25 28 29 34 50
2019-12-17,655,04 05 14 19 22 37 43
2019-12-15,645,03 13 15 16 22 36
2019-12-14,655,03 30 33 34 40 47 26
2019-12-13,645,02 08 09 25 26 40
2019-12-12,655,01 09 15 42 49 50 48
2019-12-11,645,01 02 08 27 29 39
2019-12-10,655,05 20 33 42 43 49 26
2019-12-08,645,12 20 30 31 34 44
2019-12-07,655,07 18 38 42 47 51 08
2019-12-06,645,02 20 26 35 43 45
2019-12-05,655,09 11 16 27 35 40 51
2019-12-04,645,16 19 24 30 32 35
2019-12-03,655,21 29 36 41 50 52 42
2019-12-01,645,03 14 16 27 31 35
2019-11-30,655,08 09 10 32 44 50 15
2019-11-29,645,14 15 16 17 19 34
2019-11-28,655,01 18 26 28 53 55 14
2019-11-27,645,03 05 13 19 20 33
2019-11-26,655,07 19 38 41 42 47 04
2019-11-24,645,05 21 24 28 29 34
2019-11-23,655,07 29 30 45 50 55 15
2019-11-22,645,01 09 10 19 30 38
2019-11-21,655,21 24 35 38 42 47 34
2019-11-20,645,10 21 22 24 43 44
2019-11-19,655,19 21 33 35 38 40 04
2019-11-17,645,06 07 14 31 39 44
2019-11-16,655,06 08 18 22 49 52 10
2019-11-15,645,02 13 27 33 40 41
2019-11-14,655,09 12 16 36 41 55 35
2019-11-13,645,17 19 24 30 31 40
2019-11-12,655,10 17 24 27 36 39 33
2019-11-10,645,04 14 21 28 32 36
2019-11-09,655,01 03 06 25 29 41 12
2019-11-08,645,04 16 19 30 32 44
2019-11-07,655,01 12 19 37 44 52 18
2019-11-06,645,03 15 22 23 38 43
2019-11-05,655,03 06 16 17 44 50 28
2019-11-03,645,28 30 32 38 44 45
2019-11-02,655,02 15 34 35 48 50 32
2019-11-01,645,06 11 20 30 37 40
2019-10-31,655,18 19 22 37 47 48 46
2019-10-30,645,02 05 08 12 29 38
2019-10-29,655,12 15 16 31 43 55 11
2019-10-27,645,01 19 29 30 40 42
2019-10-26,655,18 20 22 50 51 53 35
2019-10-25,645,04 07 09 22 32 37
2019-10-24,655,09 14 23 41 45 50 13
2019-10-23,645,02 09 21 23 32 41
2019-10-22,655,02 16 26 27 36 40 31
2019-10-20,645,01 03 08 15 38 40
2019-10-19,655,01 10 21 26 42 43 25
2019-10-18,645,04 14 15 22 28 39
2019-10-17,655,05 11 14 34 51 53 16
2019-10-16,645,01 04 23 28 41 42
2019-10-15,655,09 12 29 46 48 53 03
2019-10-13,645,06 22 28 31 37 40
2019-10-12,655,21 39 48 51 53 55 05
2019-10-11,645,06 12 14 27 28 36
2019-10-10,655,04 17 42 51 53 55 29
2019-10-09,645,03 12 21 24 28 32
2019-10-08,655,08 36 39 43 48 50 40
2019-10-06,645,01 06 17 30 44 45
2019-10-05,655,10 29 30 31 37 51 50
2019-10-04,645,02 09 24 25 30 36
2019-10-03,655,04 07 08 26 37 44 29
2019-10-02,645,02 06 07 25 28 41
2019-10-01,655,05 22 38 41 47 49 29
2019-09-29,645,02 09 12 18 21 23
2019-09-28,655,04 08 21 23 40 43 44
2019-09-27,645,06 09 11 28 37 44
2019-09-26,655,07 12 38 43 51 55 15
2019-09-25,645,09 14 22 26 44 45
2019-09-24,655,12 33 39 40 48 53 35
2019-09-22,645,03 06 21 36 38 39
2019-09-21,655,02 05 23 30 42 45 34
2019-09-20,645,07 12 24 29 31 45
2019-09-19,655,02 08 22 34 39 41 13
2019-09-18,645,03 09 13 17 19 20
2019-09-17,655,03 14 26 38 43 47 10
2019-09-15,645,08 09 28 33 35 43
2019-09-14,655,10 36 42 44 45 54 14
2019-09-13,645,02 15 17 25 30 38
2019-09-12,655,18 29 32 33 45 49 40
2019-09-11,645,21 25 29 32 34 35
2019-09-10,655,06 09 19 39 50 54 37
2019-09-08,645,06 09 11 26 28 36
2019-09-07,655,07 17 31 35 38 46 16
2019-09-06,645,02 04 13 15 26 31
2019-09-05,655,20 24 27 30 33 45 21
2019-09-04,645,01 09 11 23 30 37
2019-09-03,655,20 24 27 30 33 45 21
2019-09-01,645,05 07 14 16 29 40
2019-08-31,655,13 20 23 32 51 52 42
2019-08-30,645,05 06 22 23 25 44
2019-08-29,655,10 11 12 23 27 48 09
2019-08-28,645,01 04 12 14 19 30
2019-08-27,655,16 22 29 33 46 47 55
2019-08-25,645,07 08 15 20 24 31
2019-08-24,655,19 20 34 40 49 51 01
2019-08-23,645,06 07 12 17 19 24
2019-08-22,655,04 07 16 17 30 39 27
2019-08-21,645,06 08 17 20 21 31
2019-08-20,655,10 30 38 48 54 55 46
2019-08-18,645,02 07 18 21 24 33
2019-08-16,645,06 14 15 19 31 39
2019-08-14,645,13 20 22 24 33 34
2019-08-11,645,01 04 07 09 25 31
2019-08-09,645,11 19 26 28 30 42
2019-08-07,645,01 05 13 31 32 43
2019-08-04,645,06 10 21 30 43 45
2019-08-02,645,11 18 20 22 25 26
2019-07-31,645,06 12 15 19 25 45
2019-07-28,645,05 14 16 24 42 43
2019-07-26,645,05 14 16 22 25 33
2019-07-24,645,20 22 25 39 44 45
2019-07-21,645,07 08 10 24 33 44
2019-07-17,645,10 11 16 22 28 35
2019-07-14,645,02 03 07 25 33 34
2019-07-12,645,16 18 24 26 40 44
2019-07-10,645,01 02 06 07 16 27
2019-07-07,645,02 18 21 23 30 31
2019-07-05,645,19 21 30 31 37 43
2019-07-03,645,02 07 25 29 39 45
2019-06-30,645,05 20 22 25 28 32
2019-06-28,645,11 25 37 40 41 45
2019-06-26,645,01 05 09 10 33 41
2019-06-23,645,03 08 11 27 32 36
2019-06-21,645,01 04 19 21 23 39
2019-06-19,645,02 04 11 15 35 40
2019-06-16,645,06 07 19 29 31 36
2019-06-12,645,10 11 21 23 26 37
2019-06-09,645,02 06 22 25 35 36
2019-06-07,645,11 13 15 26 27 41
2019-06-05,645,04 08 22 25 37 39
2019-06-02,645,02 05 12 35 41 43
2019-05-31,645,05 06 07 12 23 30
2019-05-29,645,12 18 19 27 35 42
2019-05-24,645,02 03 31 33 35 40
2019-05-22,645,01 13 16 22 23 35
2019-05-19,645,02 11 19 27 30 42
2019-05-17,645,06 16 18 29 39 43
2019-05-15,645,17 28 29 33 34 35
2019-05-12,645,01 08 13 17 21 43
2019-05-10,645,05 23 25 30 35 38
2019-05-08,645,01 07 08 31 34 45
2019-05-05,645,13 27 30 38 39 41
2019-05-03,645,01 06 14 31 35 44
2019-05-01,645,18 23 24 27 33 41
2019-04-28,645,04 24 28 30 33 43
2019-04-26,645,01 02 14 15 16 30
2019-04-24,645,04 07 12 13 20 45
2019-04-21,645,08 11 13 20 41 43
2019-04-19,645,01 04 05 12 17 21
2019-04-17,645,07 11 21 25 30 44
2019-04-14,645,04 13 20 34 35 37
2019-04-12,645,03 12 15 16 17 44
2019-04-10,645,07 11 14 30 35 42
2019-04-07,645,08 10 26 28 32 34
2019-04-05,645,02 07 25 36 38 43
2019-04-03,645,04 11 18 33 34 45
2019-03-31,645,03 05 19 28 31 38
2019-03-29,645,02 19 26 27 30 37
2019-03-27,645,09 12 22 24 30 42
2019-03-24,645,05 17 21 27 34 40
2019-03-20,645,02 07 17 24 29 37
2019-03-17,645,05 06 16 18 24 42
2019-03-15,645,05 10 15 19 38 42
2019-03-13,645,05 16 24 26 34 44
2019-03-10,645,05 24 31 32 42 45
2019-03-08,645,04 14 20 27 32 43
2019-03-06,645,02 07 14 24 40 41
2019-03-03,645,01 13 17 20 30 45
2019-03-01,645,15 23 29 31 38 43
2019-02-27,645,05 12 15 16 25 35
2019-02-24,645,01 07 13 23 32 42
2019-02-22,645,07 10 18 25 44 45
2019-02-20,645,01 10 15 24 37 45
2019-02-17,645,11 12 14 25 29 31
2019-02-15,645,03 22 26 27 30 44
2019-02-13,645,05 11 18 33 37 41
2019-02-10,645,01 11 17 25 29 35
2019-02-08,645,11 12 33 36 39 43
2019-02-06,645,22 24 25 30 33 38
2019-02-03,645,01 02 05 09 23 24
2019-02-01,645,03 04 06 38 39 43
2019-01-30,645,01 04 06 13 37 41
2019-01-27,645,09 11 12 22 27 29
2019-01-25,645,11 13 14 22 30 38
2019-01-23,645,02 09 13 29 33 40
2019-01-20,645,08 16 21 31 35 38
2019-01-18,645,12 15 19 38 40 45
2019-01-16,645,01 08 14 24 31 40
2019-01-13,645,01 20 21 23 26 33
2019-01-11,645,19 21 22 23 25 44
2019-01-09,645,17 27 28 30 33 41
2019-01-06,645,09 22 33 34 35 44
2019-01-04,645,01 08 14 16 19 22
2019-01-02,645,04 14 32 35 36 40
2018-12-30,645,10 19 31 35 42 44
2018-12-28,645,03 22 24 25 31 37
2018-12-26,645,21 28 34 35 41 44
2018-12-23,645,01 03 10 11 16 44
2018-12-21,645,01 07 16 27 29 34
2018-12-19,645,02 10 11 32 40 44
2018-12-16,645,01 14 22 26 35 42
2018-12-14,645,07 16 20 26 30 34
2018-12-12,645,01 03 11 15 27 30
2018-12-09,645,06 08 26 34 40 41
2018-12-07,645,01 06 07 22 31 39
2018-12-05,645,07 28 29 39 42 45
2018-12-02,645,02 04 12 23 37 45
2018-11-30,645,11 18 23 25 28 35
2018-11-28,645,08 13 20 21 25 28
2018-11-25,645,03 05 11 18 24 29
2018-11-23,645,08 10 12 21 25 40
2018-11-21,645,07 09 16 19 24 33
2018-11-18,645,06 27 28 30 37 44
2018-11-16,645,04 12 18 21 25 41
2018-11-14,645,12 14 24 26 30 40
2018-11-11,645,20 23 26 27 32 34
2018-11-09,645,06 18 28 32 34 35
2018-11-07,645,06 18 22 25 31 37
2018-11-04,645,07 12 13 17 25 30
2018-11-02,645,04 06 11 18 24 25
2018-10-31,645,17 22 26 30 33 35
2018-10-28,645,09 18 19 20 31 45
2018-10-26,645,02 18 31 33 36 41
2018-10-24,645,06 26 34 35 39 42
2018-10-21,645,06 22 24 28 30 37
2018-10-19,645,02 14 30 38 39 45
2018-10-17,645,01 12 14 36 39 43
2018-10-14,645,07 08 09 34 40 43
2018-10-12,645,11 12 20 26 28 42
2018-10-10,645,18 19 22 28 41 42
2018-10-05,645,04 12 17 29 35 44
2018-10-03,645,06 12 19 21 25 45
2018-09-30,645,01 20 24 36 43 45
2018-09-28,645,02 06 11 13 15 38
2018-09-26,645,12 19 27 39 42 45
2018-09-23,645,18 27 32 35 41 44
2018-09-21,645,01 03 11 14 23 29
2018-09-19,645,10 20 22 24 27 42
2018-09-16,645,03 13 17 18 23 34
2018-09-14,645,12 16 17 18 26 34
2018-09-12,645,11 12 13 16 29 31
2018-09-09,645,08 14 18 21 44 45
2018-09-07,645,08 10 11 28 42 45
2018-09-05,645,05 06 22 27 34 37
2018-09-02,645,10 12 13 22 26 40
2018-08-31,645,11 19 30 36 38 40
2018-08-29,645,16 17 24 28 30 36
2018-08-26,645,01 03 11 12 22 36
2018-08-24,645,03 22 25 29 33 40
2018-08-22,645,15 17 18 33 34 44
2018-08-19,645,16 18 28 36 37 45
2018-08-17,645,03 08 22 28 33 42
2018-08-15,645,12 24 25 33 40 44
2018-08-12,645,05 16 17 28 31 38
2018-08-08,645,19 34 37 39 41 44
2018-08-05,645,07 10 18 31 39 43
2018-08-03,645,03 08 10 24 27 28
2018-08-01,645,05 06 29 30 37 38
2018-07-29,645,26 31 32 37 43 45
2018-07-27,645,02 21 32 37 38 42
2018-07-25,645,09 16 18 38 41 45
2018-07-22,645,08 09 24 27 40 45
2018-07-20,645,13 14 16 19 20 23
2018-07-18,645,08 10 14 19 26 34
2018-07-13,645,03 08 09 25 27 28
2018-07-11,645,12 26 28 29 39 43
2018-07-08,645,02 07 08 10 28 44
2018-07-06,645,22 26 33 34 38 42
2018-07-04,645,02 03 27 28 34 43
2018-07-01,645,04 07 15 28 34 37
2018-06-29,645,06 18 22 24 36 39
2018-06-27,645,25 27 29 33 37 38
2018-06-24,645,06 08 23 32 33 41
2018-06-22,645,15 19 20 26 34 39
2018-06-20,645,02 18 22 30 32 43
2018-06-17,645,03 05 06 07 34 40
2018-06-15,645,08 11 13 23 24 28
2018-06-13,645,02 04 17 24 31 40
2018-06-10,645,22 25 35 36 38 39
2018-06-08,645,04 13 32 35 40 42
2018-06-06,645,06 20 22 26 43 44
2018-06-03,645,18 20 24 40 42 45
2018-06-01,645,06 14 19 38 43 44
2018-05-30,645,02 17 19 27 31 36
2018-05-27,645,05 09 17 18 19 22
2018-05-25,645,05 14 22 26 29 39
2018-05-23,645,13 16 25 34 37 41
2018-05-20,645,18 19 25 26 29 39
2018-05-18,645,03 18 24 29 30 35
2018-05-16,645,10 21 23 25 35 38
2018-05-13,645,06 11 16 18 27 41
2018-05-11,645,10 11 26 29 33 38
2018-05-06,645,11 26 28 34 36 37
2018-05-04,645,09 18 25 26 27 29
2018-05-02,645,10 11 22 29 37 40
2018-04-29,645,03 10 22 23 25 43
2018-04-27,645,10 20 24 27 28 29
2018-04-25,645,04 15 17 23 29 43
2018-04-22,645,06 07 22 32 36 39
2018-04-20,645,06 09 14 30 33 42
2018-04-18,645,06 16 28 29 39 44
2018-04-15,645,03 09 13 20 30 34
2018-04-13,645,11 22 24 33 38 43
2018-04-11,645,07 20 23 25 26 39
2018-04-08,645,02 05 11 16 30 34
2018-04-06,645,01 07 08 09 36 40
2018-04-04,645,02 03 06 16 41 44
2018-04-01,645,04 12 24 33 39 43
2018-03-30,645,07 11 18 28 34 43
2018-03-25,645,04 10 13 22 38 42
2018-03-23,645,03 06 12 22 26 35
2018-03-21,645,06 19 38 40 41 44
2018-03-18,645,14 21 24 28 31 40
2018-03-16,645,06 08 13 17 20 34
2018-03-14,645,12 21 23 27 31 34
2018-03-11,645,01 14 19 26 41 42
2018-03-09,645,05 10 13 19 25 44
2018-03-07,645,08 19 25 31 37 40
2018-03-04,645,04 11 19 25 32 40
2018-03-02,645,03 07 15 27 41 45
2018-02-28,645,17 19 21 23 36 40
2018-02-25,645,08 10 12 29 30 42
2018-02-23,645,05 16 19 23 29 37
2018-02-21,645,18 23 24 26 29 33
2018-02-18,645,01 05 14 16 36 38
2018-02-14,645,12 31 32 34 35 43
2018-02-11,645,05 19 27 32 41 45
2018-02-09,645,02 10 14 19 23 37
2018-02-07,645,05 07 18 26 30 36
2018-02-04,645,01 05 13 27 40 45
2018-02-02,645,02 07 14 28 42 45
2018-01-31,645,04 07 09 10 30 40
2018-01-26,645,01 09 18 28 36 44
2018-01-24,645,05 06 24 33 42 45
2018-01-21,645,01 10 11 24 32 37
2018-01-19,645,02 04 27 28 31 36
2018-01-14,645,01 06 10 29 32 41
2018-01-12,645,04 08 17 23 27 34
2018-01-10,645,06 18 21 22 37 45
2018-01-07,645,04 06 11 13 24 31
2018-01-05,645,19 30 34 38 42 44
2018-01-03,645,08 14 19 30 33 35
2017-12-31,645,03 13 14 26 30 34
2017-12-29,645,02 08 17 20 29 39
2017-12-27,645,09 13 19 21 27 30
2017-12-24,645,01 05 09 14 30 31
2017-12-17,645,04 07 16 27 40 41
2017-12-15,645,13 14 17 24 28 43
2017-12-13,645,04 07 19 24 32 38
2017-12-10,645,27 36 39 43 44 45
2017-12-08,645,02 11 15 32 40 44
2017-12-06,645,03 07 29 31 34 43
2017-12-03,645,08 09 15 18 27 30
2017-12-01,645,10 19 30 35 39 45
2017-11-29,645,19 23 26 37 38 41
2017-11-26,645,04 12 17 19 23 34
2017-11-24,645,14 24 32 34 36 45
2017-11-22,645,05 06 09 23 27 35
2017-11-19,645,14 20 30 33 41 43
2017-11-17,645,11 13 18 19 31 45
2017-11-15,645,01 09 15 27 33 43
2017-11-10,645,01 04 19 21 24 35
2017-11-08,645,01 18 23 24 40 41
2017-11-05,645,03 17 38 39 41 44
2017-11-03,645,07 17 20 22 29 44
2017-11-01,645,04 12 25 39 42 44
2017-10-29,645,01 05 28 31 44 45
2017-10-27,645,04 10 13 21 22 38
2017-10-25,645,12 17 23 25 34 38
2017-10-22,645,08 14 16 17 31 42
2017-10-20,645,02 18 25 33 36 42
2017-10-18,645,16 24 32 36 37 40
2017-10-15,645,09 21 02 35 14 40
2017-10-13,645,21 36 20 10 25 13
2017-10-08,645,24 39 08 16 35 27
2017-10-06,645,18 45 30 20 04 06
2017-10-04,645,04 09 37 44 05 19
2017-09-29,645,37 30 23 35 28 42
2017-09-27,645,33 10 35 45 34 19
2017-09-24,645,39 11 10 04 31 36
2017-09-22,645,31 16 41 05 21 37
2017-09-20,645,17 23 05 07 13 33
2017-09-17,645,37 40 11 06 15 16
2017-09-15,645,35 24 43 40 03 37
2017-09-13,645,38 35 19 08 03 40
2017-09-10,645,22 35 36 01 23 42
2017-09-08,645,15 02 41 32 17 44
2017-09-06,645,05 32 24 36 20 42
2017-09-03,645,28 43 35 06 26 05
2017-09-01,645,13 41 23 10 19 09
2017-08-30,645,08 35 05 41 11 28
2017-08-27,645,36 32 07 03 39 16
2017-08-25,645,12 02 07 44 40 27
2017-08-23,645,34 25 43 42 27 06
2017-08-20,645,37 15 18 21 45 05
2017-08-18,645,03 34 04 37 18 22
2017-08-16,645,06 15 19 11 22 41
2017-08-13,645,06 01 07 03 16 18
2017-08-11,645,36 19 12 41 01 35
2017-08-09,645,22 25 11 19 24 31
2017-08-06,645,10 11 21 02 43 09
2017-08-02,645,10 43 28 17 26 07
2017-07-30,645,35 44 24 17 08 41
2017-07-28,645,39 26 01 04 09 35
2017-07-26,645,30 26 44 27 40 09
2017-07-23,645,39 09 07 28 13 21
2017-07-21,645,12 32 05 06 09 19
2017-07-19,645,44 20 35 04 07 13
2017-07-16,645,29 37 10 02 27 39
2017-07-14,645,24 13 25 33 19 02
2017-07-12,645,42 09 26 05 15 14
2017-07-09,645,01 09 14 18 25 28
2017-07-07,645,35 34 30 19 22 04
2017-07-05,645,04 31 40 37 16 01
2017-07-02,645,01 44 19 07 05 16
2017-06-30,645,01 07 10 38 40 42
2017-06-28,645,28 02 39 21 40 06
2017-06-25,645,03 14 33 38 42 44
2017-06-23,645,09 10 21 37 40 42
2017-06-21,645,35 37 30 09 29 26
2017-06-18,645,14 12 02 08 16 26
2017-06-16,645,21 38 17 10 06 27
2017-06-14,645,08 31 25 05 35 15
2017-06-11,645,06 32 11 33 14 05
2017-06-09,645,15 19 42 07 32 24
2017-06-07,645,13 06 29 35 44 05
2017-06-04,645,35 34 01 32 09 23
2017-06-02,645,32 16 13 41 05 39
2017-05-31,645,16 37 07 13 44 30
2017-05-28,645,44 02 07 31 17 24
2017-05-26,645,06 40 39 25 08 45
2017-05-24,645,27 08 33 25 20 30
2017-05-21,645,14 11 22 17 42 27
2017-05-19,645,30 33 18 28 08 01
2017-05-17,645,11 23 18 42 07 08
2017-05-14,645,21 17 15 40 13 25
2017-05-12,645,01 27 35 42 43 45
2017-05-10,645,07 17 21 29 40 44
2017-05-05,645,04 09 12 32 36 43
2017-04-28,645,23 09 15 11 12 02
2017-04-26,645,39 20 17 14 35 16
2017-04-23,645,43 30 31 22 13 17
2017-04-21,645,30 08 15 39 07 32
2017-04-19,645,32 38 19 33 20 44
2017-04-16,645,07 32 06 18 29 44
2017-04-14,645,33 05 04 38 10 36
2017-04-12,645,02 13 41 03 08 19
2017-04-09,645,05 25 21 08 37 26
2017-04-07,645,05 16 32 17 40 04
2017-04-05,645,21 33 14 20 23 13
2017-04-02,645,05 33 27 03 12 07
2017-03-31,645,05 04 01 20 30 11
2017-03-29,645,05 26 24 37 04 28
2017-03-26,645,25 12 23 29 43 06
2017-03-24,645,32 14 30 37 10 42
2017-03-22,645,28 24 33 36 09 01
2017-03-19,645,01 02 31 36 12 06
2017-03-17,645,24 45 43 12 44 07
2017-03-15,645,31 09 32 03 40 10
2017-03-12,645,32 30 06 42 35 11
2017-03-10,645,09 38 27 04 21 44
2017-03-08,645,05 11 20 14 42 32
2017-03-05,645,26 24 39 18 45 21
2017-03-03,645,02 04 23 41 22 13
2017-03-01,645,03 35 04 44 26 30
2017-02-26,645,19 39 38 11 07 16
2017-02-24,645,45 02 44 19 04 23
2017-02-22,645,28 42 03 08 18 01
2017-02-17,645,41 15 37 27 12 25
2017-02-15,645,29 16 30 04 19 27
2017-02-12,645,04 28 06 23 12 21
2017-02-10,645,02 06 10 13 20 28
2017-02-08,645,15 32 26 38 29 34
2017-02-05,645,11 40 01 29 34 26
2017-02-03,645,32 17 33 08 31 39
2017-02-01,645,18 10 22 33 02 11
2017-01-29,645,05 13 21 27 29 45
2017-01-25,645,14 09 18 30 28 06
2017-01-22,645,22 01 21 29 26 20
2017-01-20,645,31 32 34 37 01 11
2017-01-18,645,43 35 11 28 26 22
2017-01-15,645,29 31 43 27 05 25
2017-01-13,645,12 37 24 29 32 39
2017-01-11,645,29 21 08 45 02 37
2017-01-08,645,45 29 32 12 18 39
2017-01-06,645,43 22 30 45 34 36
2017-01-04,645,31 27 25 04 29 19
2017-01-01,645,36 24 18 09 33 39
2016-12-30,645,37 07 35 29 23 27
2016-12-28,645,02 25 38 43 33 22
2016-12-25,645,12 05 36 20 34 29
2016-12-23,645,24 25 43 37 01 17
2016-12-21,645,06 12 40 18 03 14
2016-12-18,645,03 32 41 30 43 07
2016-12-16,645,33 05 39 44 08 34
2016-12-14,645,05 12 30 26 06 16
2016-12-11,645,02 05 04 03 24 22
2016-12-09,645,15 11 26 17 12 21
2016-12-07,645,23 27 32 28 45 13
2016-12-04,645,27 03 44 05 13 38
2016-11-30,645,20 23 17 41 06 15
2016-11-27,645,30 22 12 16 17 18
2016-11-25,645,25 03 04 31 40 37
2016-11-23,645,28 23 24 22 02 37
2016-11-20,645,38 09 41 33 42 23
2016-11-18,645,24 31 26 12 11 16
2016-11-16,645,28 17 01 44 43 09
2016-11-13,645,25 11 45 36 34 23
2016-11-11,645,10 36 30 22 17 23
2016-11-09,645,25 10 30 14 24 02
2016-11-06,645,04 16 15 41 20 26
2016-11-04,645,22 13 32 24 28 05
2016-10-30,645,28 07 44 25 12 40
2016-10-28,645,16 13 10 14 38 11
2016-10-26,645,21 18 08 16 28 01
2016-10-23,645,02 40 12 05 22 21
2016-10-19,645,02 13 41 18 15 17
2016-10-16,645,05 21 31 33 38 42
2016-10-14,645,03 18 28 09 39 07
2016-10-12,645,02 08 19 15 16 25
2016-10-09,645,32 20 44 33 15 02
2016-10-07,645,24 25 27 34 44 45
2016-10-05,645,42 44 05 06 19 31
2016-10-02,645,16 23 27 34 35 38
2016-09-30,645,06 20 30 38 40 45
2016-09-28,645,32 17 40 21 03 06
2016-09-25,645,01 20 28 32 42 44
2016-09-23,645,08 14 19 29 30 40
2016-09-21,645,37 12 15 41 05 30
2016-09-18,645,32 25 20 17 07 10
2016-09-16,645,04 05 06 23 31 34
2016-09-14,645,14 32 25 02 11 23
2016-09-11,645,20 31 09 10 18 06
2016-09-09,645,32 07 18 31 16 13
2016-09-07,645,06 08 12 13 15 19
2016-09-04,645,27 11 15 24 45 20
2016-09-02,645,13 24 35 36 41 09
2016-08-31,645,31 20 34 21 39 08
2016-08-28,645,16 44 15 04 06 10
2016-08-26,645,39 45 44 10 36 43
2016-08-24,645,40 17 21 23 36 08
2016-08-21,645,21 44 24 13 29 25
2016-08-19,645,17 36 33 11 12 34
2016-08-17,645,21 26 19 02 09 04
2016-08-14,645,17 16 13 29 37 31
2016-08-12,645,38 31 37 41 28 34
2016-08-10,645,06 19 16 15 27 30
2016-08-07,645,03 05 31 17 22 30
2016-08-05,645,13 18 24 31 09 03
2016-08-03,645,25 27 07 10 29 40
2016-07-31,645,06 19 02 21 39 35
2016-07-29,645,36 13 20 08 30 03
2016-07-27,645,31 25 14 17 21 37
2016-07-24,645,01 38 18 10 23 16
2016-07-22,645,03 04 14 20 25 35
2016-07-20,645,02 17 33 37 38 45
2023-10-01,645,02 11 13 16 41 43
2023-09-30,655,03 13 19 30 38 44 51
